phish_id,CNAME
5243565,holidayinnboston.com.
5951626,ghs.googlehosted.com.
6132624,hotelelb-1333073881.ap-southeast-1.elb.amazonaws.com.
6191332,19507-ipv4.farm.prod.aa-rt.sharepoint.com.dual-spo-0004.spo-msedge.net.
6191332,19507-ipv4e.farm.prod.aa-rt.sharepoint.com.
6191332,19507-ipv4e.farm.prod.sharepointonline.com.akadns.net.
6191332,903-ipv4e.clump.prod.aa-rt.sharepoint.com.
6191332,dual-spo-0004.spo-msedge.net.
6191332,redlinerecruitment353.sharepoint.com.
6210932,20103-ipv4.farm.prod.aa-rt.sharepoint.com.dual-spo-0004.spo-msedge.net.
6210932,20103-ipv4e.farm.prod.aa-rt.sharepoint.com.
6210932,20103-ipv4e.farm.prod.sharepointonline.com.akadns.net.
6210932,2640-ipv4e.clump.prod.aa-rt.sharepoint.com.
6210932,auduboninstitute.sharepoint.com.
6210932,dual-spo-0004.spo-msedge.net.
6262126,b-0039.b-msedge.net.
6262126,forms.office.com.b-0039.b-msedge.net.
6289329,192154-ipv4.farm.dprodmgd105.aa-rt.sharepoint.com.dual-spo-0004.spo-msedge.net.
6289329,192154-ipv4e.farm.dprodmgd105.aa-rt.sharepoint.com.
6289329,192154-ipv4e.farm.dprodmgd105.sharepointonline.com.akadns.net.
6289329,938-ipv4e.clump.dprodmgd105.aa-rt.sharepoint.com.
6289329,dual-spo-0004.spo-msedge.net.
6346505,geo1.presslabs.net.
6348346,191779-ipv4.farm.dprodmgd105.aa-rt.sharepoint.com.dual-spo-0004.spo-msedge.net.
6348346,191779-ipv4e.farm.dprodmgd105.aa-rt.sharepoint.com.
6348346,191779-ipv4e.farm.dprodmgd105.sharepointonline.com.akadns.net.
6348346,280-ipv4e.clump.dprodmgd105.aa-rt.sharepoint.com.
6348346,dual-spo-0004.spo-msedge.net.
6348346,k12inc.sharepoint.com.
6372001,ghs.googlehosted.com.
6382517,netciti.id.
6406601,futbolfinanciero.com.pe.
6439006,logex.com.tr.
6465525,ghs.googlehosted.com.
6550658,1348-ipv4e.clump.dprodmgd104.aa-rt.sharepoint.com.
6550658,187517-ipv4.farm.dprodmgd104.aa-rt.sharepoint.com.dual-spo-0004.spo-msedge.net.
6550658,187517-ipv4e.farm.dprodmgd104.aa-rt.sharepoint.com.
6550658,187517-ipv4e.farm.dprodmgd104.sharepointonline.com.akadns.net.
6550658,dual-spo-0004.spo-msedge.net.
6550658,qualitasc.sharepoint.com.
6550710,1348-ipv4e.clump.dprodmgd104.aa-rt.sharepoint.com.
6550710,187517-ipv4.farm.dprodmgd104.aa-rt.sharepoint.com.dual-spo-0004.spo-msedge.net.
6550710,187517-ipv4e.farm.dprodmgd104.aa-rt.sharepoint.com.
6550710,187517-ipv4e.farm.dprodmgd104.sharepointonline.com.akadns.net.
6550710,dual-spo-0004.spo-msedge.net.
6550710,qualitasc.sharepoint.com.
6553324,1348-ipv4e.clump.dprodmgd104.aa-rt.sharepoint.com.
6553324,187517-ipv4.farm.dprodmgd104.aa-rt.sharepoint.com.dual-spo-0004.spo-msedge.net.
6553324,187517-ipv4e.farm.dprodmgd104.aa-rt.sharepoint.com.
6553324,187517-ipv4e.farm.dprodmgd104.sharepointonline.com.akadns.net.
6553324,dual-spo-0004.spo-msedge.net.
6553324,qualitasc.sharepoint.com.
6584876,ghs.googlehosted.com.
6588178,ghs.googlehosted.com.
6658284,golfballsonline.com.
6721839,web.mutu1.cloud.coreoz.com.
6721839,web.mutu2.cloud.coreoz.com.
6744223,pharmaglobiz.com.
6744224,pharmaglobiz.com.
6744999,colorfastinv.com.
6771128,ghs.googlehosted.com.
6771902,gcp.media-router.wixstatic.com.
6771902,media-router.wixstatic.com.
6783979,gcp.media-router.wixstatic.com.
6783979,media-router.wixstatic.com.
6798187,gcp.media-router.wixstatic.com.
6798187,media-router.wixstatic.com.
6819204,gcp.media-router.wixstatic.com.
6819204,media-router.wixstatic.com.
6822988,api-8b-io-957469486.us-east-1.elb.amazonaws.com.
6825660,gcp.media-router.wixstatic.com.
6825660,media-router.wixstatic.com.
6828772,gcp.media-router.wixstatic.com.
6828772,media-router.wixstatic.com.
6830639,gcp.media-router.wixstatic.com.
6830639,media-router.wixstatic.com.
6831033,gcp.media-router.wixstatic.com.
6831033,media-router.wixstatic.com.
6848207,gcp.media-router.wixstatic.com.
6848207,media-router.wixstatic.com.
6849926,tbit.vn.
6952520,ghs.googlehosted.com.
6990464,gcp.media-router.wixstatic.com.
6990464,media-router.wixstatic.com.
7087062,gcp.media-router.wixstatic.com.
7087062,media-router.wixstatic.com.
7102043,gcp.media-router.wixstatic.com.
7102043,media-router.wixstatic.com.
7103142,ims-fe.com.
7103143,ims-fe.com.
7121849,gcp.media-router.wixstatic.com.
7121849,media-router.wixstatic.com.
7126597,gcp.media-router.wixstatic.com.
7126597,media-router.wixstatic.com.
7126607,gcp.media-router.wixstatic.com.
7126607,media-router.wixstatic.com.
7127808,zyrosite.com.cdn.cloudflare.net.
7130705,gcp.media-router.wixstatic.com.
7130705,media-router.wixstatic.com.
7130706,gcp.media-router.wixstatic.com.
7130706,media-router.wixstatic.com.
7132178,gcp.media-router.wixstatic.com.
7132178,media-router.wixstatic.com.
7137294,gcp.media-router.wixstatic.com.
7137294,media-router.wixstatic.com.
7137296,gcp.media-router.wixstatic.com.
7137296,media-router.wixstatic.com.
7137320,gcp.media-router.wixstatic.com.
7137320,media-router.wixstatic.com.
7137321,gcp.media-router.wixstatic.com.
7137321,media-router.wixstatic.com.
7137388,gcp.media-router.wixstatic.com.
7137388,media-router.wixstatic.com.
7155618,gcp.media-router.wixstatic.com.
7155618,media-router.wixstatic.com.
7157938,waws-prod-dm1-061.cloudapp.net.
7157938,waws-prod-dm1-061.sip.azurewebsites.windows.net.
7164709,www3.l.google.com.
7167419,red.echostar.pl.
7170337,gcp.media-router.wixstatic.com.
7170337,media-router.wixstatic.com.
7180462,gcp.media-router.wixstatic.com.
7180462,media-router.wixstatic.com.
7194998,azurestaticapps.trafficmanager.net.
7194998,msha-hk1-0.staticsites-prod-eastasia.p.azurewebsites.net.
7194998,waws-prod-hk1-0a7ad652.cloudapp.net.
7194998,waws-prod-hk1-0a7ad652.sip.p.azurewebsites.windows.net.
7197064,gcp.media-router.wixstatic.com.
7197064,media-router.wixstatic.com.
7198439,eschoolzones.com.
7204271,surveys.questionpro.com.
7205959,dual.part-0011.t-0009.t-msedge.net.
7205959,hmcts-aat.azurefd.net.
7205959,part-0011.t-0009.t-msedge.net.
7205959,star-azurefd-prod.trafficmanager.net.
7216712,www3.l.google.com.
7218156,t.ssl.global.fastly.net.
7223205,gcp.media-router.wixstatic.com.
7223205,media-router.wixstatic.com.
7223610,red.echostar.pl.
7226003,www3.l.google.com.
7226260,www3.l.google.com.
7226976,gccm-1-nginxnode-main.usgovtrafficmanager.net.
7226976,gccm-1-pusgv-nginxnode-lb1.usgovvirginia.cloudapp.usgovcloudapi.net.
7227058,6f37f587-username.wix.com.
7227058,td-username-ae1-190-141.wix.com.
7227058,username.wix.com.
7227074,6f37f587-username.wix.com.
7227074,td-username-ae1-190-141.wix.com.
7227074,username.wix.com.
7229378,red.echostar.pl.
7229839,gcp.media-router.wixstatic.com.
7229839,media-router.wixstatic.com.
7229840,gcp.media-router.wixstatic.com.
7229840,media-router.wixstatic.com.
7232115,gcp.media-router.wixstatic.com.
7232115,media-router.wixstatic.com.
7234279,hcnprdvz.ec.azureedge.net.
7234279,scdn1.wpc.63052.lambdacdn.net.
7234279,sni1gl.wpc.lambdacdn.net.
7236864,175047-ipv4.farm.dprodmgd100.aa-rt.sharepoint-mil.us.
7236864,406-ipv4.clump.dprodmgd100.aa-rt.sharepoint-mil.us.
7237053,175047-ipv4.farm.dprodmgd100.aa-rt.sharepoint-mil.us.
7237053,406-ipv4.clump.dprodmgd100.aa-rt.sharepoint-mil.us.
7239479,k8s.truehost.cloud.
7247960,gcp.media-router.wixstatic.com.
7247960,media-router.wixstatic.com.
7250383,www3.l.google.com.
7256027,gcp.media-router.wixstatic.com.
7256027,media-router.wixstatic.com.
7257130,a-0016.a-msedge.net.
7257130,cc-bingj-com.a-0016.a-msedge.net.
7258027,a-0016.a-msedge.net.
7258027,cc-bingj-com.a-0016.a-msedge.net.
7258635,a-0016.a-msedge.net.
7258635,cc-bingj-com.a-0016.a-msedge.net.
7262579,gcp.media-router.wixstatic.com.
7262579,media-router.wixstatic.com.
7264139,gcp.media-router.wixstatic.com.
7264139,media-router.wixstatic.com.
7266720,red.echostar.pl.
7266890,gcp.media-router.wixstatic.com.
7266890,media-router.wixstatic.com.
7266902,gcp.media-router.wixstatic.com.
7266902,media-router.wixstatic.com.
7269109,red.echostar.pl.
7275366,lb-gw-maxnetwork-1f63e34712ea9966.elb.ap-southeast-2.amazonaws.com.
7275366,lb-gw.maxsolutions.skyfencenet.com.
7278161,red.echostar.pl.
7278823,red.echostar.pl.
7286271,saranlar.com.
7287411,ezssausage.com.
7287498,ezssausage.com.
7292056,e19.dscx.akamaiedge.net.
7294045,fedlxpress.com.
7295753,azurestaticapps.trafficmanager.net.
7295753,msha-hk1-0.staticsites-prod-eastasia.p.azurewebsites.net.
7295753,waws-prod-hk1-0a7ad652.cloudapp.net.
7295753,waws-prod-hk1-0a7ad652.sip.p.azurewebsites.windows.net.
7299724,qacust1-gw-lb-c1a85f47d87168af.elb.us-east-2.amazonaws.com.
7302420,etasarla.com.
7302421,etasarla.com.
7303485,krishnatheeram.co.in.
7303542,krishnatheeram.co.in.
7305143,e19.dscx.akamaiedge.net.
7305895,krishnatheeram.co.in.
7305926,75527.communities.salesforce.cdn.edgekey.net.
7305926,e27392.dsca.akamaiedge.net.
7305926,go.simplify.co.nz.00d28000000vc7keag.live.siteforce.com.
7305995,krishnatheeram.co.in.
7310506,gcp.media-router.wixstatic.com.
7310506,media-router.wixstatic.com.
7312759,ghs.googlehosted.com.
7313425,objectstorage.us-phoenix-1.oci.oraclecloud.com.
7313427,bthak.com.
7313428,bthak.com.
7314929,storrea-blog.domains.qloaked.com.
7314931,storrea-blog.domains.qloaked.com.
7314985,storrea-blog.domains.qloaked.com.
7315769,bn-acct.com.
7315770,bn-acct.com.
7317035,75546.communities.salesforce.cdn.edgekey.net.
7317035,content.warakirri.com.au.00d2w000008vfoeea0.live.siteforce.com.
7317035,e27836.dsca.akamaiedge.net.
7317397,lb-omni-prod-dc2-05.plusoftomni.com.br.
7318973,lb-sa-public-tcp-a0e891bcb0ce2664.elb.ap-northeast-1.amazonaws.com.
7318973,sni.syncanswer.jp.
7322571,75554.communities.salesforce.cdn.edgekey.net.
7322571,content.rmhc.org.nz.00d5g000004ztineaa.live.siteforce.com.
7322571,e15531.dsca.akamaiedge.net.
7323962,masswalker.com.
7324028,75554.communities.salesforce.cdn.edgekey.net.
7324028,content.av1.com.au.00d5g000004owureac.live.siteforce.com.
7324028,e15531.dsca.akamaiedge.net.
7325200,selcdn.ru.
7326519,t.ssl.global.fastly.net.
7327170,swissibisbank.com.
7329679,waws-prod-dm1-041.cloudapp.net.
7329679,waws-prod-dm1-041.sip.azurewebsites.windows.net.
7329721,selcdn.ru.
7332177,ab7553b08e5300472.temporary.link.
7332178,ab7553b08e5300472.temporary.link.
7332335,reglic.in.
7335088,tenhoquarto.com.
7335089,tenhoquarto.com.
7335167,cdn.sitemakerlive.com.
7335167,cdn.sitemakerlive.com.cdn.cloudflare.net.
7335490,queroquarto.com.br.
7335491,tenhoquarto.com.br.
7335492,tenhoquarto.com.br.
7335493,tenhoquarto.com.
7335494,tenhoquarto.com.
7335937,cdn.sitemakerlive.com.
7335937,cdn.sitemakerlive.com.cdn.cloudflare.net.
7338198,friendsofnechockey.com.
7338405,selcdn.ru.
7339606,universidadsanjuan.ac.
7342306,tenhoquarto.com.
7342307,tenhoquarto.com.
7342308,tenhoquarto.com.
7342309,tenhoquarto.com.
7342319,reglic.in.
7343423,wireless4sdg.org.zw.
7343475,wireless4sdg.org.zw.
7345128,prod.adobe-prod-view.map.fastly.net.
7345184,website.yandexcloud.net.
7345665,goshenmontessorischools.com.
7345666,goshenmontessorischools.com.
7345730,tenhoquarto.com.br.
7345731,tenhoquarto.com.br.
7346152,wireless4sdg.org.zw.
7346940,ekogeby.xyz.
7347603,website.yandexcloud.net.
7347619,mestedfung.digital.
7347957,egood.ro.
7347988,corvilla.id.
7347989,corvilla.id.
7347994,tappingconnection.com.
7349212,innovationx.cc.
7349232,saounps.com.
7349234,saounps.com.
7349237,saounps.com.
7349317,simrantruckrepairs.com.
7349659,saounps.com.
7349660,saounps.com.
7349871,lxs56rcv.xyz.
7349875,lxs56rcv.xyz.
7349922,boemena.com.
7349923,boemena.com.
7349947,amankuat.xyz.
7350028,boemena.com.
7350043,saounps.com.
7350044,saounps.com.
7350177,intralock.es.
7350404,saounps.com.
7350445,cdn.sitemakerlive.com.
7350445,cdn.sitemakerlive.com.cdn.cloudflare.net.
7351292,dual.part-0011.t-0009.t-msedge.net.
7351292,part-0011.t-0009.t-msedge.net.
7351292,star-azurefd-prod.trafficmanager.net.
7351980,bum.com.ar.
7352034,intrawave.com.my.
7352035,intrawave.com.my.
7352067,intrawave.com.my.
7352074,bum.com.ar.
7352076,intrawave.com.my.
7352132,ekogeby.xyz.
7352135,ekogeby.xyz.
7353581,alexjt.xyz.
7353642,us-east-1.route-1.000webhost.awex.io.
7353644,us-east-1.route-1.000webhost.awex.io.
7355111,us-east-1.route-1.000webhost.awex.io.
7355201,112606501578760.web.id.
7355505,attachit.in.
7356742,thelibrarysamui.com.
7356855,gcp.media-router.wixstatic.com.
7356855,media-router.wixstatic.com.
7357155,hosting-1c.mijndomein-ws.nl.
7357881,sbsgrand.com.
7357882,sbsgrand.com.
7358007,43984489070-help.gq.
7358893,azurestaticapps.trafficmanager.net.
7358893,msha-hk1-0.staticsites-prod-eastasia.p.azurewebsites.net.
7358893,waws-prod-hk1-0a7ad652.cloudapp.net.
7358893,waws-prod-hk1-0a7ad652.sip.p.azurewebsites.windows.net.
7359283,sbsgrand.com.
7359284,sbsgrand.com.
7360054,goldcoastcityelectrician.com.au.
7360402,daxsws.com.
7360404,vbimport.com.br.
7360461,vbimport.com.br.
7360774,a00.mystrikingly.com.edgekey.net.
7360774,akamai.cdn.mystrikingly.com.
7360774,e6558.d.akamaiedge.net.
7360774,free-user-pages-dns.mystrikingly.com.
7361475,radio3b6.xyz.
7362709,checkupcancer.com.
7362903,cloudhost-3466254.us-midwest-2.nxcli.net.
7362953,cwejournal.org.
7362954,cwejournal.org.
7363568,s3-1-w.amazonaws.com.
7363568,s3-w.us-east-1.amazonaws.com.
7363587,carpetderatique.com.
7363678,agricagroup.net.
7363679,agricagroup.net.
7363763,jjbexports.com.
7363856,tifaldanuarta.xyz.
7363858,tifaldanuarta.xyz.
7364122,us-east-1.route-1.000webhost.awex.io.
7365112,dualstack.lb-vpc-192-prod-401-799591185.us-east-2.elb.amazonaws.com.
7365125,dualstack.lb-vpc-192-prod-401-799591185.us-east-2.elb.amazonaws.com.
7365194,iwanfredybudiman.xyz.
7365688,us-east-1.route-1.000webhost.awex.io.
7365746,us-east-1.route-1.000webhost.awex.io.
7365817,us-east-1.route-1.000webhost.awex.io.
7365823,us-east-1.route-1.000webhost.awex.io.
7365826,us-east-1.route-1.000webhost.awex.io.
7365827,us-east-1.route-1.000webhost.awex.io.
7365966,us-east-1.route-1.000webhost.awex.io.
7366274,24hr7chaseservice.com.
7366343,24hr7chaseservice.com.
7366677,us-east-1.route-1.000webhost.awex.io.
7368230,autoline.ph.
7368938,f2fb15fd-232f-45a2-a907-6af7dc91c3b6.repl.co.
7368945,f2fb15fd-232f-45a2-a907-6af7dc91c3b6.repl.co.
7368977,a00.mystrikingly.com.edgekey.net.
7368977,akamai.cdn.mystrikingly.com.
7368977,e6558.d.akamaiedge.net.
7368977,free-user-pages-dns.mystrikingly.com.
7369091,www.myhealth-project.com.cdn.cloudflare.net.
7369425,rakaananda.xyz.
7369426,radio3b6.xyz.
7370166,use1publb1-1616030353.us-east-1.elb.amazonaws.com.
7370531,rakaananda.xyz.
7370532,us-east-1.route-1.000webhost.awex.io.
7374454,us-east-1.route-1.000webhost.awex.io.
7374533,us-east-1.route-1.000webhost.awex.io.
7374563,us-east-1.route-1.000webhost.awex.io.
7374564,us-east-1.route-1.000webhost.awex.io.
7376612,mitake-sh.com.
7376898,gcp.media-router.wixstatic.com.
7376898,media-router.wixstatic.com.
7379115,objectstorage.ap-sydney-1.oci.oraclecloud.com.
7379707,universidadsanjuan.ac.
7379743,universidadsanjuan.ac.
7380064,inuyuni.com.
7381093,us-east-1.route-1.000webhost.awex.io.
7381095,us-east-1.route-1.000webhost.awex.io.
7381114,us-east-1.route-1.000webhost.awex.io.
7381143,us-east-1.route-1.000webhost.awex.io.
7384098,taplink.me.
7386033,ajudaparaempresas.ml.
7386591,losingyourbelly.com.
7386801,apoioparaempresas.com.
7387017,suporteparaempresas.com.
7387019,ajudaempresarial.cf.
7387450,us-east-1.route-1.000webhost.awex.io.
7387628,selcdn.ru.
7388632,mo-menthealth.com.
7388646,losingyourbelly.com.
7388647,mo-menthealth.com.
7388648,mo-menthealth.com.
7388926,thifal2artikel.xyz.
7388929,thifal2artikel.xyz.
7389492,ongkicrf.xyz.
7389967,us-east-1.route-1.000webhost.awex.io.
7390175,essentia.med.br.
7390374,6f37f587-username.wix.com.
7390374,td-username-ae1-190-141.wix.com.
7390374,username.wix.com.
7390421,us-east-1.route-1.000webhost.awex.io.
7390454,us-east-1.route-1.000webhost.awex.io.
7390492,us-east-1.route-1.000webhost.awex.io.
7390505,us-east-1.route-1.000webhost.awex.io.
7390525,losingyourbelly.com.
7444641,salemgroups.com.
7455682,ger.file.myqcloud.com.
7459355,cos.na-siliconvalley.myqcloud.com.
7459811,ger.file.myqcloud.com.
7466310,ono-qology-2-1353635039.us-west-2.elb.amazonaws.com.
7481723,cos.ap-seoul.myqcloud.com.
7493659,eu-central-2.wasabisys.com.
7497853,cos.ap-nanjing.myqcloud.com.
7498059,cd.file.myqcloud.com.
7498119,cos.ap-nanjing.myqcloud.com.
7499602,surveyol.azurewebsites.net.
7499602,waws-prod-bay-043.cloudapp.net.
7499602,waws-prod-bay-043.vip.azurewebsites.windows.net.
7500752,cos.ap-nanjing.myqcloud.com.
7502701,cos.ap-nanjing.myqcloud.com.
7502880,inchirieri-limuzinebucuresti.ro.
7503967,cos.ap-nanjing.myqcloud.com.
7503969,cd.file.myqcloud.com.
7503971,cos.ap-nanjing.myqcloud.com.
7503972,ger.file.myqcloud.com.
7503973,cos.ap-nanjing.myqcloud.com.
7503974,cos.ap-nanjing.myqcloud.com.
7503975,cos.na-ashburn.myqcloud.com.
7503976,cos.ap-seoul.myqcloud.com.
7503977,cos.ap-nanjing.myqcloud.com.
7504812,cos.na-ashburn.myqcloud.com.
7505842,zyrosite.com.cdn.cloudflare.net.
7506635,inchirieri-limuzinebucuresti.ro.
7506645,s3.fr-par.scw.cloud.
7510778,ghs.googlehosted.com.
7519231,driveequitypartners.com.
7523279,newcourses.co.il.
7523815,steveporterentertainment.com.
7534239,eu-central-2.wasabisys.com.
7536265,cluster031.hosting.ovh.net.
7537358,blob.ams09prdstr13a.store.core.windows.net.
7546514,us-east-1.route-1.000webhost.awex.io.
7548128,waws-prod-sn1-145.cloudapp.net.
7548128,waws-prod-sn1-145.sip.azurewebsites.windows.net.
7548361,cos.na-ashburn.myqcloud.com.
7550931,web.sat09prdstr10a.store.core.windows.net.
7551377,cd.file.myqcloud.com.
7551680,t.ssl.global.fastly.net.
7552009,cd.file.myqcloud.com.
7554218,gcp.media-router.wixstatic.com.
7554218,media-router.wixstatic.com.
7554228,bjihealthcare.com.
7554232,gcp.media-router.wixstatic.com.
7554232,media-router.wixstatic.com.
7560572,pcstech.com.py.
7561195,pntbiz.co.kr.
7563168,19237-ipv4.farm.prod.aa-rt.sharepoint.com.dual-spo-0004.spo-msedge.net.
7563168,19237-ipv4e.farm.prod.aa-rt.sharepoint.com.
7563168,19237-ipv4e.farm.prod.sharepointonline.com.akadns.net.
7563168,774-ipv4e.clump.prod.aa-rt.sharepoint.com.
7563168,c569257608da4dcaafbc.sharepoint.com.
7563168,dual-spo-0004.spo-msedge.net.
7563284,crystalbluegroup.com.au.
7563310,objectstorage.me-abudhabi-1.oci.oraclecloud.com.
7564670,objectstorage.me-abudhabi-1.oci.oraclecloud.com.
7565781,royalsportshorse.com.
